{
  "sqlite_raw": {
    "init": 0.013062715530395508,
    "write": 0.2595336437225342,
    "update": 0.023170948028564453,
    "read": 1.4059035778045654
  },
  "dataset": {
    "init": 0.02951359748840332,
    "write": 10.337418556213379,
    "update": 1.2902441024780273,
    "read": 46.20908880233765
  },
  "pony": {
    "init": 0.029742956161499023,
    "write": 2.221496820449829,
    "update": 0.6791770458221436,
    "read": 10.282932758331299
  },
  "sqlalchemy": {
    "init": 0.02235579490661621,
    "write": 5.572034120559692,
    "update": 3.21836256980896,
    "read": 58.34532713890076
  },
  "sqless": {
    "init": 0.01974654197692871,
    "write": 0.35919833183288574,
    "update": 0.030474424362182617,
    "read": 1.6758158206939697
  }
}